,Blog post title,Blog post URL,"
Blog Topic Covered in Tutorials",Blog Topic Covered in Reference Guide,Notes,Date Published,Should be Turned into a Doc?,"
Tags",Questions,Viewable?
0,Gatsbygram Case Study,https://www.gatsbyjs.org/blog/gatsbygram-case-study/,,,"First blog post, covers themes, app structure and layout component, plugins and routing",03/09/2017,,,,
1,Gatsby's first beta release,https://www.gatsbyjs.org/blog/gatsby-first-beta-release/,,,"

",,,,,
2,Announcing Gatsby 1.0.0,,,https://www.gatsbyjs.org/docs/plugins/,Gatsby includes GraphQL,7/6/2017,,,,
3,Creating a Blog with Gatsby,https://www.gatsbyjs.org/blog/2017-07-19-creating-a-blog-with-gatsby/,,,,7/19/2017,,,,
4,"Web Performance 101, why is Gatsby so fast?",https://www.gatsbyjs.org/blog/2017-09-13-why-is-gatsby-so-fast/,,,Origin story of Gatsby is fascinating. Would love to see it in more places,9/13/2017,,,,
5,Modern Static Site Generation with Gatsby,https://www.gatsbyjs.org/blog/2017-09-18-gatsby-modern-static-generation/,,,"Overview of Gatsby site generation in comparison to react, Jekyll and WordPress",9/18/2017,,,,
6,Community Roundup #1,https://www.gatsbyjs.org/blog/2017-09-21-community-roundup-1/,,,"Overview of the new plugins, and Gatsby tutorials available",9/21/2017,,"v1, getting-started, plugins",,
7,Embracing GraphQL- how I migrated React FAQ to Gatsby v1,https://www.gatsbyjs.org/blog/2017-09-26-embracing-graphql/,,,Use case of migrating a React site to GraphQL,9/26/2017,,"v1, graphql, getting-started",,
8,Migrating My Blog from Hexo to Gatsby,https://www.gatsbyjs.org/blog/2017-10-01-migrating-my-blog-from-hexo-to-gatsby/,https://www.gatsbyjs.org/tutorial/part-five/,https://www.gatsbyjs.org/tutorial/part-four/,"Use case of a site migration from Hexo to Gatsby, and demonstrates how to query using GraphQL",10/01/2017,"yes
","getting-started, markdown",,
9,Why we choose Gatsby over Next.js and Wintersmith,https://www.gatsbyjs.org/blog/2017-10-03-smartive-goes-gatsby/,,,Site migration,10/03/2017,,"case-studies, blogs, deployment","Do we have a page dedicated to case studies? As of November 29th, we have 24 case-studies. https://www.gatsbyjs.org/blog/tags/case-studies/",
10,Rebuilding my portfolio with the great GatsbyJS and WordPress,https://www.gatsbyjs.org/blog/2017-10-05-portfolio-site-gatsby-wordpress/,,,Migration from PHP(WordPress) to Gatsby,10/05/2017,,"portfolio-site, wordpress, graphql, plugins, performane, getting-started",,
11,Making Website Building Fun,https://www.gatsbyjs.org/blog/2017-10-16-making-website-building-fun/,,,Making websites simple to build makes them fun. Uses Gatsby-Image component as a case study,10/16/2017,,"web-building-blocks, gatsby-image, react, graphql, plugins",,
12,Building i18n with Gatsby,https://www.gatsbyjs.org/blog/2017-10-17-building-i18n-with-gatsby/,,https://www.gatsbyjs.org/docs/localization-i18n/,Localization with Gatsby,10/17/2017,yes,i18n,,
